index,benchmark,runtime
0,2d-conv_3x3_2x2,40915.1311750412
1,2d-conv_3x3_3x3,55318.29833459854
2,mat-mul_2x2_2x2,29861.938024044037
3,mat-mul_2x3_3x3,47313.389615535736
