iter,benchmark,params,exp,pruning,cycles,cost
0,2d-conv,3x3_3x3,81,False,101,114175.79499999998
1,2d-conv,3x3_3x3,80,True,151,49.642999999999994
2,2d-conv,4x4_3x3,73,False,159,189956.88
3,2d-conv,4x4_3x3,72,True,215,73.65799999999999
4,2d-conv,8x8_3x3,75,False,399,359782.83999999997
5,2d-conv,10x10_3x3,57,False,723,703332.7519999999
6,2d-conv,10x10_3x3,56,True,1398,568.754
7,2d-conv,16x16_3x3,50,False,1270,699658.7759999997
